GUBERNATORIAL ELECTIONS 2019 to 2019,,,,,,,,,,,,,,,,,,,,,
,,,,,,,,,,,,,,,,,,,,,
Office,CensusPop,raceYear,RaceTypeName,Area,RepVotes,RepCandidate,RepStatus,DemVotes,DemCandidate,DemStatus,ThirdParty,ThirdVotes,ThirdCandidate,ThirdStatus,OtherVotes,PluralityVotes,PluralityParty,ThirdVotesTotalPercent,RepVotesMajorPercent,DemVotesMajorPercent,RaceNotes
Governor,N/A,20191105,General,Kentucky,"704,754","Bevin, Matt G.",Incumbent,"709,890","Beshear, Andy",Challenger,Libertarian,"28,433","Hicks, John",Challenger,46,"5,136",D,1.97,49.82,50.18,"The other vote was: Whyte, Blackii Effing (Write-in) 46"
Governor,N/A,20191105,General,Mississippi,"459,396","Reeves, Tate",Challenger,"414,368","Hood, Jim",Challenger,Independent,"8,522","Singletary, David R.",Challenger,"2,625","45,028",R,0.96,52.58,47.42,"The other vote was: Hickingbottom, Bob (Constitution) 2,625"
Governor,N/A,20191012,General,Louisiana,"368,319","Rispone, Eddie",Challenger,"625,970","Edwards, John",Incumbent,Republican,"317,149","Abraham, Ralph Lee",Challenger,"32,043","257,651",D,23.61,37.04,62.96,"The other vote was: Dantzler, Oscar (Democrat) 10,993; Landry, Patrick (Republican) 10,966; Landrieu, Gary (Independent) 10,084"
Governor,N/A,20191116,General Election Run-off,Louisiana,"734,286","Rispone, Eddie",Challenger,"774,498","Edwards, John",Incumbent,N/A,N/A,N/A,N/A,N/A,"40,212",D,0.00,48.67,51.33,"These are the results of a run-off. Louisiana has a unique two-tier electoral system for House seats. If no candidate wins a majority from the first round of voting, the top two finishers participated in a runoff."
,,,,,,,,,,,,,,,,,,,,,
CensusPopAll,AreaAll,TotalVotesAll,RepVotesAll,DemVotesAll,ThirdVotesAll,OtherVotesAll,PluralityVotesAll,PluralityPartyAll,RepVotesTotalPercentAll,DemVotesTotalPercentAll,ThirdVotesTotalPercentAll,OtherVotesTotalPercentAll,RepVotesMajorPercentAll,DemVotesMajorPercentAll,,,,,,,
N/A,United States,"5,180,299","2,266,755","2,524,726","354,104","34,714","257,971",D,43.76,48.74,6.84,0.67,47.31,52.69,,,,,,,
,,,,,,,,,,,,,,,,,,,,,
,,,,,,,,,,,,,,,,,,,,,
,,,,,,,,,,,,,,,,,,,,,
GUBERNATORIAL ELECTIONS 2018 to 2018,,,,,,,,,,,,,,,,,,,,,
,,,,,,,,,,,,,,,,,,,,,
Office,CensusPop,raceYear,RaceTypeName,Area,RepVotes,RepCandidate,RepStatus,DemVotes,DemCandidate,DemStatus,ThirdParty,ThirdVotes,ThirdCandidate,ThirdStatus,OtherVotes,PluralityVotes,PluralityParty,ThirdVotesTotalPercent,RepVotesMajorPercent,DemVotesMajorPercent,RaceNotes
Governor,N/A,20181106,General,Vermont,"151,261","Scott, Phil",Incumbent,"110,335","Hallquist, Christine",Challenger,Independent,"3,266","Barlow, Trevor",Challenger,"9,225","40,926",R,1.19,57.82,42.18,"The other vote was: Laramie, Charles (Independent) 2,287; Ericson, Cris (Independent) 2,129; Marx, Stephen (Earth Rights) 1,855; Peyton, Emily (Liberty Union) 1,839; Write-Ins (Write-in) 1,115"
Governor,N/A,20181106,General,Alabama,"1,022,457","Ivey, Kay",Incumbent,"694,495","Maddox, Walter",Challenger,Write-in,"2,637",Write-Ins,Challenger,N/A,"327,962",R,0.15,59.55,40.45,
Governor,N/A,20181106,General,Oklahoma,"644,579","Stitt, Kevin",Challenger,"500,973","Edmondson, Drew",Challenger,Libertarian,"40,833","Powell, Chris",Challenger,N/A,"143,606",R,3.44,56.27,43.73,
Governor,N/A,20181106,General,Wyoming,"136,412","Gordon, Mark",Challenger,"55,965","Throne, Mary A.",Challenger,Centrist,"6,751","Rammell, Rex",Challenger,"4,110","80,447",R,3.32,70.91,29.09,"The other vote was: Struempf, Lawrence Gerard (Libertarian) 3,010; Write-Ins (Write-in) 1,100"
Governor,N/A,20181106,General,Ohio,"2,231,917","DeWine, Michael",Challenger,"2,067,847","Cordray, Richard",Challenger,Libertarian,"79,985","Irvine, Travis",Challenger,"49,833","164,070",R,1.81,51.91,48.09,"The other vote was: Gadell-Newton, Constance (Green) 49,475; Turner, Renea (Write-in) 185; Duncan, Richard (Write-in) 132; Ayres, Rebecca (Write-in) 41"
Governor,N/A,20181106,General,New Mexico,"298,091","Pearce, Steve",Challenger,"398,368","Grisham, Michelle Lujan",Challenger,N/A,N/A,N/A,N/A,N/A,"100,277",D,0.00,42.80,57.20,
Governor,N/A,20181106,General,Maryland,"1,275,644","Hogan, Larry",Incumbent,"1,002,639","Jealous, Ben",Challenger,Libertarian,"13,241","Quinn, Shawn",Challenger,"12,988","273,005",R,0.57,55.99,44.01,"The other vote was: Schlakman, Ian Andrew (Green) 11,175; Scattered Write-Ins (Write-in) 1,813"
Governor,N/A,20181106,General,Colorado,"1,080,801","Stapleton, Walker",Challenger,"1,348,888","Polis, Jared",Challenger,Libertarian,"69,519","Helker, Scott",Challenger,"25,854","268,087",D,2.75,44.48,55.52,"The other vote was: Hammons, Bill (Unity Party of Colorado) 25,854"
Governor,N/A,20181106,General,Idaho,"361,661","Little, Brad",Challenger,"231,081","Jordan, Paulette",Challenger,Libertarian,"6,551","Boeck, Bev",Challenger,"5,838","130,580",R,1.08,61.01,38.99,"The other vote was: Bayes, Walter (Constitution) 5,787; Marie, Lisa (Write-in) 51"
Governor,N/A,20181106,General,Nebraska,"411,812","Ricketts, Pete",Incumbent,"286,169","Krist, Bob",Challenger,N/A,N/A,N/A,N/A,N/A,"125,643",R,0.00,59.00,41.00,
Governor,N/A,20181106,General,Oregon,"814,988","Buehler, Knute",Challenger,"934,498","Brown, Kate",Incumbent,Independent,"53,392","Starnes, Patrick",Challenger,"64,119","119,510",D,2.86,46.58,53.42,"The other vote was: Chen, Nick (Libertarian) 28,927; Auer, Aaron (Constitution) 21,145; Henry, Chris (Progressive) 11,013; Write-Ins (Write-in) 3,034"
Governor,N/A,20181106,General,Pennsylvania,"2,039,882","Wagner, Scott",Challenger,"2,895,652","Wolf, Thomas W.",Incumbent,Libertarian,"49,229","Krawchuk, Ken",Challenger,"27,792","855,770",D,0.98,41.33,58.67,"The other vote was: Glover, Paul (Green) 27,792"
Governor,N/A,20181106,General,Arkansas,"582,406","Hutchinson, Asa",Incumbent,"283,218","Henderson, Jared K.",Challenger,Libertarian,"25,885","West, Mark",Challenger,N/A,"299,188",R,2.90,67.28,32.72,
Governor,N/A,20181106,General,Texas,"4,656,196","Abbott, Greg",Incumbent,"3,546,615","Valdez, Lupe",Challenger,Libertarian,"140,632","Tippetts, Mark Jay",Challenger,N/A,"1,109,581",R,1.69,56.76,43.24,
Governor,N/A,20181106,General,Rhode Island,"139,932","Fung, Allan",Challenger,"198,122","Raimondo, Gina",Incumbent,Independent,"16,532","Trillo, Joseph A.",Challenger,"21,815","58,190",D,4.39,41.39,58.61,"The other vote was: Gilbert, William H. (Moderate) 10,155; Munoz, Luis Daniel (Independent) 6,223; Armstrong, Anne (Compassion) 4,191; Write-Ins (Write-in) 1,246"
Governor,N/A,20181106,General,New Hampshire,"302,764","Sununu, Chris",Incumbent,"262,359","Kelly, Molly",Challenger,Libertarian,"8,197","Jarvis, Jilletta",Challenger,282,"40,405",R,1.43,53.57,46.43,The other vote was: Scattered Write-Ins (Write-in) 282
Governor,N/A,20181106,General,Arizona,"1,330,863","Ducey, Doug",Incumbent,"994,341","Garcia, David",Challenger,Green,"50,962","Torres, Angel",Challenger,275,"336,522",R,2.14,57.24,42.76,"The other vote was: Masoya, Patrick  (Write-in) 177; Komor, Christian  (Write-in) 66; Dolego, Cary (Write-in) 13; Arvizu, Arthur  Ray (Write-in) 12; Gibson, James II (Write-in) 7"
Governor,N/A,20181106,General,South Dakota,"172,912","Noem, Kristi",Challenger,"161,454","Sutton, Billie",Challenger,Libertarian,"4,848","Evans, Kurt",Challenger,N/A,"11,458",R,1.43,51.71,48.29,
Governor,N/A,20181106,General,Maine,"272,311","Moody, Shawn H.",Challenger,"320,962","Mills, Janet T.",Challenger,Independent,"37,268","Hayes, Teresea",Challenger,126,"48,651",D,5.91,45.90,54.10,The other vote was: Scattered Write-Ins (Write-in) 126
Governor,N/A,20181106,General,Massachusetts,"1,781,341","Baker, Charles D.",Incumbent,"885,770","Gonzalez, Jay",Challenger,Write-in,"7,504",Scattered Write-Ins,Challenger,N/A,"895,571",R,0.28,66.79,33.21,
Governor,N/A,20181106,General,Hawaii,"131,719","Tupola, Andria",Challenger,"244,934","Ige, David Yutaka",Incumbent,Green,"10,123","Brewer, Jim",Challenger,"4,067","113,215",D,2.59,34.97,65.03,"The other vote was: Teruya, Terrence (Non Partisan) 4,067"
Governor,N/A,20181106,General,California,"4,742,825","Cox, John H.",Challenger,"7,721,410","Newsom, Gavin",Challenger,N/A,N/A,N/A,N/A,N/A,"2,978,585",D,0.00,38.05,61.95,
Governor,N/A,20181106,General,Iowa,"667,275","Reynolds, Kim",Incumbent,"630,986","Hubbell, Fred",Challenger,Libertarian,"21,426","Porter, Jake",Challenger,"7,951","36,289",R,1.61,51.40,48.60,"The other vote was: Siegwarth, Gary (Clear Water Party of Iowa) 7,463; Write-Ins (Write-in) 488"
Governor,N/A,20181106,General,Illinois,"1,765,751","Rauner, Bruce",Incumbent,"2,479,746","Pritzker, Jay",Challenger,Conservative,"192,527","McCann, William",Challenger,"109,633","713,995",D,4.23,41.59,58.41,"The other vote was: Jackson, Grayson Kash (Libertarian) 109,518; Foster, Nancy (Write-in) 32; Ryan, Kevin D. (Write-in) 20; 753, JO (Write-in) 16; Scruggs, Michael W. (Write-in) 15; Moore, Greg (Write-in) 13; Canfield, Robert (Write-in) 12; Kuna, Thomas J. (Write-in) 4; Tholin, David (Write-in) 3"
Governor,N/A,20181106,General,Georgia,"1,978,408","Kemp, Brian",Challenger,"1,923,685","Abrams, Stacey",Challenger,Libertarian,"37,235","Metz, Ted",Challenger,81,"54,723",R,0.95,50.70,49.30,"The other vote was: Mack, Rod (Write-in) 24; Williams, Bobby (Write-in) 24; Waldrep, Bobby (Write-in) 21; Byrne, David C. (Write-in) 12"
Governor,N/A,20181106,General,New York,"2,207,602","Molinaro, Marcus",Challenger,"3,635,340","Cuomo, Andrew M.",Incumbent,Green,"103,946","Hawkins, Howie",Challenger,"157,589","1,427,738",D,1.70,37.78,62.22,"The other vote was: Sharpe, Larry (Libertarian) 95,033; Miner, Stephanie (Serve America Movement) 55,441; Scattered Write-Ins (Write-in) 7,115"
Governor,N/A,20181106,General,Nevada,"440,320","Laxalt, Adam",Challenger,"480,007","Sisolak, Steve",Challenger,No Party,"13,891","Bundy, Ryan",Challenger,"37,581","39,687",D,1.43,47.84,52.16,"The other vote was: Best, Russell (Independent American) 10,076; Lord, Jared (Libertarian) 8,640"
Governor,N/A,20181106,General,Michigan,"1,859,534","Schuette, Bill",Challenger,"2,266,193","Whitmer, Gretchen",Challenger,Libertarian,"56,606","Gelineau, Bill",Challenger,"68,252","406,659",D,1.33,45.07,54.93,"The other vote was: Schleiger, Todd (U.S. Taxpayers) 29,219; Kurland, Jennifer V. (Green) 28,799; Butkovich, Keith (Natural Law) 10,202; Rowley, Francis L. (Write-in) 11; Space, Evan (Write-in) 8; Herman, Lance (Write-in) 4; Cobbs, William (Write-in) 3; Sanders, Robin Lee (Write-in) 2; Penny, Chaneika Ranell (Write-in) 1; Lester, Henry Joseph (Write-in) 1; Lynch, Clyde Darnell (Write-in) 1; Burney, Patrick O'Neal (Write-in) 1; Hall, Raymond A. (Write-in) 0; Brown, Angelo (Write-in) 0; Hutchinson, Larry Jr. (Write-i"
Governor,N/A,20181106,General,Connecticut,"650,138","Stefanowski, Bob",Challenger,"694,510","Lamont, Ned",Challenger,Griebel Frank for CT,"54,741","Griebel, Oz",Challenger,"7,414","44,372",D,3.89,48.35,51.65,"The other vote was: Hanscomb, Rodney (Libertarian) 6,086; Greenstein, Mark Stewart (Amigo Constitution Liberty) 1,254; Whitnum, Lee (Write-in) 74"
Governor,N/A,20181106,General,Tennessee,"1,336,106","Lee, Bill",Challenger,"864,863","Dean, Karl",Challenger,Independent,"5,198","Clark, Sherry",Challenger,"37,127","471,243",R,0.23,60.71,39.29,"The other vote was: Wright, Mark (Independent) 4,687; Whitlock, Patrick (Independent) 3,631; Neubert, Yvonne (Independent) 3,070; Scott, Heather (Independent) 2,969; Brown, Mark (Independent) 2,841; Wilmoth, Joe (Independent) 2,444; Smith, George Blackwell IV (Independent) 1,550; King, Cory (Independent) 1,502; Tisdale, Tracy (Independent) 1,396; Cornett, Justin (Independent) 1,217; Riden, Chad (Independent) 1,096; Sawyers, Robert Sr. (Independent) 1,059; Vineyard, Vinnie (Independent) 1,012; Tyler, Rick (Independe"
Governor,N/A,20181106,General,Kansas,"453,030","Kobach, Kris W.",Challenger,"506,509","Kelly, Laura",Challenger,Independent,"68,498","Orman, Greg",Challenger,"27,023","53,479",D,6.49,47.21,52.79,"The other vote was: Caldwell, Jeff (Libertarian) 20,009; Kloos, Rick (Independent) 6,576; Write-Ins (Write-in) 438"
Governor,N/A,20181106,General,Minnesota,"1,097,705","Johnson, Jeff",Challenger,"1,393,096","Walz, Timothy J.",Challenger,Grassroots - Legalize Cannabis,"68,667","Wright, Chris",Challenger,"27,819","295,391",D,2.65,44.07,55.93,"The other vote was: Welter, Josh (Libertarian) 26,735; Write-Ins (Write-in) 1,084"
Governor,N/A,20181106,General,South Carolina,"921,342","McMaster, Henry D.",Incumbent,"784,182","Smith, James",Challenger,Write-in,"2,045",Write-Ins,Challenger,N/A,"137,160",R,0.12,54.02,45.98,
Governor,N/A,20181106,General,Wisconsin,"1,295,080","Walker, Scott",Incumbent,"1,324,307","Evers, Tony",Challenger,Libertarian,"20,225","Anderson, Phillip N.",Challenger,"33,696","29,227",D,0.76,49.44,50.56,"The other vote was: Turnbull, Maggie (Independent) 18,884; White, Michael J. (Green) 11,087; Enz, Arnie (Independent) 2,745; Scattered Write-Ins (Write-in) 966; Cason, Ryan (Write-in) 4; Davis, William Henry III (Write-in) 3; Turtenwald, Richard Michael (Write-in) 2; Grimek, Mark (Write-in) 2; Hoffman, Robbie (Write-in) 1; Boucher, Paul (Write-in) 1; Gehler, Corban (Write-in) 1"
Governor,N/A,20181106,General,Alaska,"145,631","Dunleavy, Mike J.",Challenger,"125,739","Begich, Mark",Challenger,Non Affiliated,"5,757","Walker, Bill",Challenger,"6,007","19,892",R,2.03,53.67,46.33,"The other vote was: Toien, William S. (Libertarian) 5,402; Write-Ins (Write-in) 605"
Governor,N/A,20181106,General,Florida,"4,076,186","DeSantis, Ron",Challenger,"4,043,723","Gillum, Andrew",Challenger,Reform,"47,140","Richardson, Darcy G.",Challenger,"53,512","32,463",R,0.57,50.20,49.80,"The other vote was: Gibson, Kyle (No Party Affiliation) 24,310; Foley, Ryan Christopher (No Party Affiliation) 14,630; Stanley, Bruce (No Party Affiliation) 14,505; Johnson, Hal (Write-in) 61; Blass, Piotr (Write-in) 6"
,,,,,,,,,,,,,,,,,,,,,
CensusPopAll,AreaAll,TotalVotesAll,RepVotesAll,DemVotesAll,ThirdVotesAll,OtherVotesAll,PluralityVotesAll,PluralityPartyAll,RepVotesTotalPercentAll,DemVotesTotalPercentAll,ThirdVotesTotalPercentAll,OtherVotesTotalPercentAll,RepVotesMajorPercentAll,DemVotesMajorPercentAll,,,,,,,
N/A,United States,"91,901,129","43,476,882","46,298,981","1,325,257","800,009","2,822,099",D,47.31,50.38,1.44,0.87,48.43,51.57,,,,,,,
,,,,,,,,,,,,,,,,,,,,,
,,,,,,,,,,,,,,,,,,,,,
,,,,,,,,,,,,,,,,,,,,,
GUBERNATORIAL ELECTIONS 2017 to 2017,,,,,,,,,,,,,,,,,,,,,
,,,,,,,,,,,,,,,,,,,,,
Office,CensusPop,raceYear,RaceTypeName,Area,RepVotes,RepCandidate,RepStatus,DemVotes,DemCandidate,DemStatus,ThirdParty,ThirdVotes,ThirdCandidate,ThirdStatus,OtherVotes,PluralityVotes,PluralityParty,ThirdVotesTotalPercent,RepVotesMajorPercent,DemVotesMajorPercent,RaceNotes
Governor,N/A,20171107,General,Virginia,"1,175,731","Gillespie, Edward W.",Challenger,"1,409,175","Northam, Ralph S.",Challenger,Libertarian,"27,987","Hyra, Clifford D.",Challenger,"1,389","233,444",D,1.07,45.48,54.52,"The other vote was: Write-Ins (Write-in) 1,389"
Governor,N/A,20171107,General,New Jersey,"899,583","Guadagno, Kim",Challenger,"1,203,110","Murphy, Philip",Challenger,Reduce Property Taxes,"12,294","Genovese, Gina",Challenger,"32,428","303,527",D,0.57,42.78,57.22,"The other vote was: Rohrman, Peter J. (Libertarian) 10,531; Kaper-Dale, Seth (Green) 10,053; Riccardi, Matthew (Constitution) 6,864; Ross, Vincent (We the People) 4,980"
,,,,,,,,,,,,,,,,,,,,,
CensusPopAll,AreaAll,TotalVotesAll,RepVotesAll,DemVotesAll,ThirdVotesAll,OtherVotesAll,PluralityVotesAll,PluralityPartyAll,RepVotesTotalPercentAll,DemVotesTotalPercentAll,ThirdVotesTotalPercentAll,OtherVotesTotalPercentAll,RepVotesMajorPercentAll,DemVotesMajorPercentAll,,,,,,,
N/A,United States,"4,761,697","2,075,314","2,612,285","40,281","33,817","536,971",D,43.58,54.86,0.85,0.71,44.27,55.73,,,,,,,
,,,,,,,,,,,,,,,,,,,,,
,,,,,,,,,,,,,,,,,,,,,
,,,,,,,,,,,,,,,,,,,,,
GUBERNATORIAL ELECTIONS 2016 to 2016,,,,,,,,,,,,,,,,,,,,,
,,,,,,,,,,,,,,,,,,,,,
Office,CensusPop,raceYear,RaceTypeName,Area,RepVotes,RepCandidate,RepStatus,DemVotes,DemCandidate,DemStatus,ThirdParty,ThirdVotes,ThirdCandidate,ThirdStatus,OtherVotes,PluralityVotes,PluralityParty,ThirdVotesTotalPercent,RepVotesMajorPercent,DemVotesMajorPercent,RaceNotes
Governor,N/A,20161108,General,Montana,"236,115","Gianforte, Greg",Challenger,"255,933","Bullock, Steve",Incumbent,Libertarian,"17,312","Dunlap, Ted",Challenger,N/A,"19,818",D,3.40,47.99,52.01,
Governor,N/A,20161108,General,North Carolina,"2,298,880","McCrory, Pat",Incumbent,"2,309,157","Cooper, Roy",Challenger,Libertarian,"102,977","Cecil, Lon",Challenger,N/A,"10,277",D,2.19,49.89,50.11,
Governor,N/A,20161108,General,Oregon,"845,609","Pierce, Bud",Challenger,"985,027","Brown, Kate",Incumbent,Independent Party of Oregon,"47,481","Thomason, Cliff",Challenger,"67,929","139,418",D,2.44,46.19,53.81,"This was a special election to fill the last two years of the term vacated in February 2015 by Democrat John Kitzhaber.; The other vote was: Foster, James (Libertarian) 45,191; Auer, Donald Aaron (Constitution) 19,400; Write-Ins (Write-in) 3,338"
Governor,N/A,20161108,General,Utah,"750,850","Herbert, Gary R.",Incumbent,"323,349","Weinholtz, Mike",Challenger,Libertarian,"34,827","Kamerath, Brian",Challenger,"16,009","427,501",R,3.10,69.90,30.10,"The other vote was: Schanze, Dell (Independent) 15,912; Brown, L.S. (Write-in) 97"
Governor,N/A,20161108,General,West Virginia,"301,987","Cole, Bill",Challenger,"350,408","Justice, Jim",Challenger,Mountain,"42,068","Pritt, Charlotte",Challenger,"19,416","48,421",D,5.89,46.29,53.71,"The other vote was: Moran, David (Libertarian) 15,354; Hudok, Phil (Constitution) 4,041; Ible, Ras (Write-in) 14; Caldwell, Quinton (Write-in) 7"
Governor,N/A,20161108,General,North Dakota,"259,863","Burgum, Doug",Challenger,"65,855","Nelson, Marvin E.",Challenger,Libertarian,"13,230","Riske, Marty",Challenger,653,"194,008",R,3.90,79.78,20.22,The other vote was: Write-Ins (Write-in) 653
Governor,N/A,20161108,General,Missouri,"1,433,397","Greitens, Eric",Challenger,"1,277,360","Koster, Chris",Challenger,Libertarian,"41,154","Spragins, Cisse",Challenger,"51,135","156,037",R,1.47,52.88,47.12,"Missouri publishes results for the city of Kansas City instead of distributing its votes among counties.; The other vote was: Turilli, Lester Benton Jr. (Independent) 30,019; Fitz, Don (Green) 21,088; Altis, Dave (Write-in) 22; Brown, Theo Sr. (Write-in) 3; Lindstedt, Martin (Write-in) 3"
Governor,N/A,20161108,General,Vermont,"166,817","Scott, Phil",Challenger,"139,253","Minter, Sue",Challenger,Liberty Union,"8,912","Lee, Bill",Challenger,313,"27,564",R,2.83,54.50,45.50,
Governor,N/A,20161108,General,Washington,"1,476,346","Bryant, Bill",Challenger,"1,760,520","Inslee, Jay",Incumbent,Write-in,"8,416",Write-Ins,Challenger,N/A,"284,174",D,0.26,45.61,54.39,
Governor,N/A,20161108,General,Delaware,"166,852","Bonini, Colin",Challenger,"248,404","Carney, John C. Jr.",Challenger,Green,"5,951","Groff, Andrew Richard",Challenger,"4,577","81,552",D,1.40,40.18,59.82,"The other vote was: Goward, Sean (Libertarian) 4,577"
Governor,N/A,20161108,General,New Hampshire,"354,040","Sununu, Chris",Challenger,"337,589","Van Ostern, Colin",Challenger,Libertarian,"31,243","Abramson, Max",Challenger,"1,991","16,451",R,4.31,51.19,48.81,"The other vote was: Scattered Write-Ins (Write-in) 1,991"
Governor,N/A,20161108,General,Indiana,"1,397,396","Holcomb, Eric",Challenger,"1,235,503","Gregg, John R.",Challenger,Libertarian,"87,025","Bell, Rex",Challenger,44,"161,893",R,3.20,53.07,46.93,"The other vote was: Adkins, Jack (Independent) 41; Stried, Christopher (Independent) 3"
,,,,,,,,,,,,,,,,,,,,,
CensusPopAll,AreaAll,TotalVotesAll,RepVotesAll,DemVotesAll,ThirdVotesAll,OtherVotesAll,PluralityVotesAll,PluralityPartyAll,RepVotesTotalPercentAll,DemVotesTotalPercentAll,ThirdVotesTotalPercentAll,OtherVotesTotalPercentAll,RepVotesMajorPercentAll,DemVotesMajorPercentAll,,,,,,,
N/A,United States,"19,579,173","9,688,152","9,288,358","440,596","162,067","399,794",R,49.48,47.44,2.25,0.83,51.05,48.95,,,,,,,
,,,,,,,,,,,,,,,,,,,,,
,,,,,,,,,,,,,,,,,,,,,
,,,,,,,,,,,,,,,,,,,,,
GUBERNATORIAL ELECTIONS 2015 to 2015,,,,,,,,,,,,,,,,,,,,,
,,,,,,,,,,,,,,,,,,,,,
Office,CensusPop,raceYear,RaceTypeName,Area,RepVotes,RepCandidate,RepStatus,DemVotes,DemCandidate,DemStatus,ThirdParty,ThirdVotes,ThirdCandidate,ThirdStatus,OtherVotes,PluralityVotes,PluralityParty,ThirdVotesTotalPercent,RepVotesMajorPercent,DemVotesMajorPercent,RaceNotes
Governor,N/A,20151103,General,Kentucky,"511,374","Bevin, Matt G.",Challenger,"426,620","Conway, Jack",Challenger,Independent,"35,597","Curtis, Drew",Challenger,101,"84,754",R,3.66,54.52,45.48,"The other vote was: Whyte, Blackii Effing (Write-in) 71; Gatewood, Gatewood B. (Write-in) 30"
Governor,N/A,20151103,General,Mississippi,"480,399","Bryant, Phil",Incumbent,"234,858","Gray, Robert",Challenger,Reform,"9,950","O'Hara, Shawn",Challenger,N/A,"245,541",R,1.37,67.16,32.84,
Governor,N/A,20151024,General,Louisiana,"256,300","Vitter, David B.",Challenger,"444,517","Edwards, John",Challenger,Republican,"214,982","Angelle, Scott A.",Challenger,"198,537","188,217",D,19.29,36.57,63.43,"The other vote was: Dardenne, Jay (Republican) 166,656; Deaton, Cary J. (Democrat) 11,763; Simpson, S L (Democrat) 7,420; Billiot, Beryl (No Party Affiliation) 5,694; Odom, Jeremy (No Party Affiliation) 4,756; Ogeron, Eric Paul (Other) 2,248"
Governor,N/A,20151121,General Election Run-off,Louisiana,"505,940","Vitter, David B.",Challenger,"646,924","Edwards, John",Challenger,N/A,N/A,N/A,N/A,N/A,"140,984",D,0.00,43.89,56.11,"These are the results of a run-off. Louisiana has a unique two-tier electoral system for House seats. If no candidate wins a majority from the first round of voting, the top two finishers participated in a runoff."
,,,,,,,,,,,,,,,,,,,,,
CensusPopAll,AreaAll,TotalVotesAll,RepVotesAll,DemVotesAll,ThirdVotesAll,OtherVotesAll,PluralityVotesAll,PluralityPartyAll,RepVotesTotalPercentAll,DemVotesTotalPercentAll,ThirdVotesTotalPercentAll,OtherVotesTotalPercentAll,RepVotesMajorPercentAll,DemVotesMajorPercentAll,,,,,,,
N/A,United States,"3,966,099","1,754,013","1,752,919","260,529","198,638","1,094",R,44.23,44.20,6.57,5.01,50.02,49.98,,,,,,,
,,,,,,,,,,,,,,,,,,,,,
,,,,,,,,,,,,,,,,,,,,,
,,,,,,,,,,,,,,,,,,,,,
GUBERNATORIAL ELECTIONS 2014 to 2014,,,,,,,,,,,,,,,,,,,,,
,,,,,,,,,,,,,,,,,,,,,
Office,CensusPop,raceYear,RaceTypeName,Area,RepVotes,RepCandidate,RepStatus,DemVotes,DemCandidate,DemStatus,ThirdParty,ThirdVotes,ThirdCandidate,ThirdStatus,OtherVotes,PluralityVotes,PluralityParty,ThirdVotesTotalPercent,RepVotesMajorPercent,DemVotesMajorPercent,RaceNotes
Governor,N/A,20141104,General,Alabama,"750,231","Bentley, Robert",Incumbent,"427,787","Griffith, Parker",Challenger,Write-in,"2,395",Write-Ins,Challenger,N/A,"322,444",R,0.20,63.69,36.31,
Governor,N/A,20141104,General,Alaska,"128,435","Parnell, Sean R.",Incumbent,N/A,N/A,N/A,Non Affiliated,"134,658","Walker, Bill",Challenger,"16,865","6,223",NAF,48.10,100.00,0.00,"The other vote was: Clift, Carolyn F. (Libertarian) 8,985; Myers, J. R. (Constitution) 6,987; Write-Ins (Write-in) 893"
Governor,N/A,20141104,General,Arizona,"805,062","Ducey, Doug",Challenger,"626,921","Duval, Fred",Challenger,Libertarian,"57,337","Hess, Barry J. II",Challenger,"17,096","178,141",R,3.81,56.22,43.78,"The other vote was: Mealer, J.L. (Americans Elect) 15,432; Johnson, J. (Write-in) 1,520; Bailey, Brian (Write-in) 50; Novoa, Alice (Write-in) 43; Dolego, Cary (Write-in) 29; Woolsey, Curtis (Write-in) 15; Kennedy, Diana-Elizabeth R.R. (Write-in) 7"
Governor,N/A,20141104,General,Idaho,"235,405","Otter, C. L.",Incumbent,"169,556","Balukoff, A.J.",Challenger,Libertarian,"17,884","Bujak, John T.",Challenger,"16,985","65,849",R,4.07,58.13,41.87,"The other vote was: Humble, Jill (Independent) 8,801; Pankey, Steven D. (Constitution) 5,219; Pro-Life (Independent) 2,870; Write-Ins (Write-in) 95"
Governor,N/A,20141104,General,Maine,"294,519","LePage, Paul R.",Incumbent,"265,114","Michaud, Michael H.",Challenger,Independent,"51,515","Cutler, Eliot R.",Challenger,79,"29,405",R,8.43,52.63,47.37,The other vote was: Write-Ins (Write-in) 79
Governor,N/A,20141104,General,Connecticut,"526,295","Foley, Tom C.",Challenger,"554,314","Malloy, Dan",Incumbent,Independent,"11,456","Visconti, Joe",Challenger,708,"28,019",D,1.05,48.70,51.30,The other vote was: Write-Ins (Write-in) 708
Governor,N/A,20141104,General,Iowa,"666,032","Branstad, Terry E.",Incumbent,"420,787","Hatch, Jack",Challenger,Libertarian,"20,321","Hieb, Lee",Challenger,"21,917","245,245",R,1.80,61.28,38.72,"The other vote was: Hennager, Jim (New Independent) 10,582; Narcisse, Jonathan (Iowa) 10,240; Write-Ins (Write-in) 1,095"
Governor,N/A,20141104,General,Hawaii,"135,775","Aiona, Duke",Challenger,"181,106","Ige, David Yutaka",Challenger,Independent,"42,934","Hannemann, Mufi",Challenger,"6,395","45,331",D,11.72,42.85,57.15,"The other vote was: Davis, Jeff (Libertarian) 6,395"
Governor,N/A,20141104,General,Kansas,"433,196","Brownback, Sam",Incumbent,"401,100","Davis, Paul",Challenger,Libertarian,"35,206","Umbehr, Keen A.",Challenger,N/A,"32,096",R,4.05,51.92,48.08,
Governor,N/A,20141104,General,South Dakota,"195,477","Daugaard, Dennis",Incumbent,"70,549","Wismer, Susan",Challenger,Independent,"11,377","Myers, Michael J.",Challenger,N/A,"124,928",R,4.10,73.48,26.52,
Governor,N/A,20141104,General,Vermont,"87,075","Milne, Scott",Challenger,"89,509","Shumlin, Peter",Incumbent,Libertarian,"8,428","Feliciano, Dan",Challenger,"8,075","2,434",D,4.36,49.31,50.69,"The other vote was: Peyton, Emily (Independent) 3,157; Diamondstone, Pete (Liberty Union) 1,673; Peters, Bernard (Independent) 1,434; Ericson, Cris (Independent) 1,089; Write-Ins (Write-in) 722"
Governor,N/A,20141104,General,Wyoming,"99,700","Mead, Matt",Incumbent,"45,752","Gosar, Peter",Challenger,Independent,"9,895","Wills, Don",Challenger,"12,530","53,948",R,5.89,68.54,31.46,"The other vote was: Write-Ins (Write-in) 8,490; Cozzens, Dee (Libertarian) 4,040"
Governor,N/A,20141104,General,Arkansas,"470,429","Hutchinson, Asa",Challenger,"352,115","Ross, Mike",Challenger,Libertarian,"16,319","Gilbert, Frank",Challenger,"9,729","118,314",R,1.92,57.19,42.81,"The other vote was: Drake, Josh (Green) 9,729"
Governor,N/A,20141104,General,Nebraska,"308,751","Ricketts, Pete",Incumbent,"211,905","Hassebrook, Chuck",Challenger,Libertarian,"19,001","Elworth, Mark G. Jr.",Challenger,545,"96,846",R,3.52,59.30,40.70,The other vote was: Write-Ins (Write-in) 545
Governor,N/A,20141104,General,New Hampshire,"230,610","Havenstein, Walter",Challenger,"254,666","Hassan, Maggie",Incumbent,Write-in,907,Write-Ins,Challenger,N/A,"24,056",D,0.19,47.52,52.48,
Governor,N/A,20141104,General,New Mexico,"293,443","Martinez, Susana",Incumbent,"219,362","King, Gary K.",Challenger,N/A,N/A,N/A,N/A,N/A,"74,081",R,0.00,57.22,42.78,
Governor,N/A,20141104,General,Nevada,"386,340","Sandoval, Brian",Incumbent,"130,722","Goodman, Robert",Challenger,No Party,"15,751","""None of These Candidates""",Challenger,"14,536","255,618",R,2.88,74.72,25.28,"The other vote was: VanDerBeek, David Lory (Independent American) 14,536"
Governor,N/A,20141104,General,New York,"1,537,077","Astorino, Rob",Challenger,"2,069,480","Cuomo, Andrew M.",Incumbent,Green,"184,419","Hawkins, Howie",Challenger,"28,110","532,403",D,4.83,42.62,57.38,"The other vote was: McDermott, Michael (Libertarian) 16,769; Write-Ins (Write-in) 6,378; Cohn, Steven (Sapient Party) 4,963"
Governor,N/A,20141104,General,Maryland,"884,400","Hogan, Larry",Challenger,"818,890","Brown, Anthony G.",Challenger,Libertarian,"25,382","Quinn, Shawn",Challenger,"4,505","65,510",R,1.46,51.92,48.08,"The other vote was: Scattered Write-Ins (Write-in) 4,505"
Governor,N/A,20141104,General,Oklahoma,"460,298","Fallin, Mary",Incumbent,"338,239","Dorman, Joe",Challenger,Independent,"17,169","Willis, Kimberly",Challenger,"9,125","122,059",R,2.08,57.64,42.36,"The other vote was: Prawdzienski, Richard (Independent) 9,125"
Governor,N/A,20141104,General,Ohio,"1,944,848","Kasich, John R.",Incumbent,"1,009,359","FitzGerald, Ed",Challenger,Green,"101,706","Rios, Anita",Challenger,N/A,"935,489",R,3.33,65.83,34.17,
Governor,N/A,20141104,General,Minnesota,"879,257","Johnson, Jeff",Challenger,"989,113","Dayton, Mark",Incumbent,Independence,"56,900","Nicolett, Hannah",Challenger,"50,136","109,856",D,2.88,47.06,52.94,"The other vote was: Wright, Chris (Grassroots - Legalize Cannabis) 31,259; Holbrook, Chris (Libertarian) 18,082; Write-Ins (Write-in) 795"
Governor,N/A,20141104,General,Rhode Island,"117,428","Fung, Allan",Challenger,"131,899","Raimondo, Gina",Challenger,Moderate,"69,278","Healey, Robert J. Jr.",Challenger,"5,450","14,471",D,21.38,47.10,52.90,"The other vote was: Fletcher, Kate (Independent) 3,483; Kayarian, Leon M. (Independent) 1,228; Write-Ins (Write-in) 739"
Governor,N/A,20141104,General,Oregon,"648,542","Richardson, Dennis",Challenger,"733,230","Kitzhaber, John",Incumbent,Pacific Green,"29,561","Levin, Jason",Challenger,"58,384","84,688",D,2.01,46.94,53.06,"The other vote was: Grad, Paul (Libertarian) 21,903; Auer, Aaron (Constitution) 15,929; Henry, Chris (Progressive) 13,898; Write-Ins (Write-in) 6,654"
Governor,N/A,20141104,General,South Carolina,"696,645","Haley, Nikki R.",Incumbent,"516,166","Sheheen, Vincent A.",Challenger,Libertarian,"15,438","French, Steve",Challenger,"18,052","180,479",R,1.24,57.44,42.56,"The other vote was: Ervin, Tom J. (Independent) 11,496; Reeves, Morgan B. (United Citizen) 5,622; Write-Ins (Unaffiliated) 934"
Governor,N/A,20141104,General,Wisconsin,"1,259,706","Walker, Scott",Incumbent,"1,122,913","Burke, Mary",Challenger,Libertarian,"18,720","Burke, Robert",Challenger,"8,975","136,793",R,0.78,52.87,47.13,"The other vote was: Fehr, Dennis (People's Party) 7,530; Scattered Write-Ins (No Party) 1,248; Write-Ins (Write-in) 197"
Governor,N/A,20141104,General,Tennessee,"951,796","Haslam, Bill",Incumbent,"309,237","Brown, Charles V.",Challenger,Independent,"30,579","Hooker, John J.",Challenger,"62,116","642,559",R,2.26,75.48,24.52,"The other vote was: Crowell, Shaun (Constitution) 26,580; Infante, Isa (Green) 18,570; Coburn, Steve (Independent) 8,612; Lewis, Daniel (Independent) 8,321; Write-Ins (Write-in) 33"
Governor,N/A,20141104,General,Colorado,"938,195","Beauprez, Bob",Challenger,"1,006,433","Hickenlooper, John",Incumbent,Libertarian,"39,590","Hess, Matthew",Challenger,"57,389","68,238",D,1.94,48.25,51.75,"The other vote was: Hempy, Harry (Green) 27,391; Dunafon, Mike (Independent) 24,042; Fiorino, Paul Noel (Independent) 5,923; Giavanni, Marcus (Write-in) 33"
Governor,N/A,20141104,General,Michigan,"1,607,399","Snyder, Rick",Incumbent,"1,479,057","Schauer, Mark H.",Challenger,Libertarian,"35,723","Buzuma, Mary",Challenger,"34,352","128,342",R,1.13,52.08,47.92,"The other vote was: McFarlin, Mark (U.S. Taxpayers) 19,368; Homeniuk, Paul (Green) 14,934; Write-Ins (Write-in) 50"
Governor,N/A,20141104,General,Georgia,"1,345,237","Deal, Nathan",Incumbent,"1,144,794","Carter, Jason J.",Challenger,Libertarian,"60,185","Hunt, Andrew T.",Challenger,432,"200,443",R,2.36,54.02,45.98,"The other vote was: Byrne, David C. (Write-in) 420; Jamison, Matthew (Write-in) 10; Porter, Chancey Andrell (Write-in) 2"
Governor,N/A,20141104,General,Pennsylvania,"1,575,511","Corbett, Tom",Incumbent,"1,920,355","Wolf, Thomas W.",Challenger,N/A,N/A,N/A,N/A,N/A,"344,844",D,0.00,45.07,54.93,
Governor,N/A,20141104,General,Massachusetts,"1,044,573","Baker, Charles D.",Challenger,"1,004,408","Coakley, Martha",Challenger,United Independent,"71,814","Falchuk, Evan",Challenger,"37,531","40,165",R,3.33,50.98,49.02,"The other vote was: Lively, Scott (Independent) 19,378; McCormick, Jeffrey (Independent) 16,295; Write-Ins (Write-in) 1,858"
Governor,N/A,20141104,General,Illinois,"1,823,627","Rauner, Bruce",Challenger,"1,681,343","Quinn, Pat",Incumbent,Libertarian,"121,534","Grimm, Chad",Challenger,"1,186","142,284",R,3.35,52.03,47.97,"The other vote was: Summers, Scott (Write-in) 684; Perez, Robert Jr. (Write-in) 256; Smith, Mark (Write-in) 134; Scattered Write-Ins (Write-in) 112"
Governor,N/A,20141104,General,Florida,"2,865,343","Scott, Rick",Incumbent,"2,801,198","Crist, Charlie",Challenger,Libertarian,"223,356","Wyllie, Adrian",Challenger,"61,664","64,145",R,3.75,50.57,49.43,"The other vote was: Burkett, Glenn (Unaffiliated) 41,341; Khavari, Farid (Unaffiliated) 20,186; Scattered Write-Ins (Write-in) 137"
Governor,N/A,20141104,General,Texas,"2,796,547","Abbott, Greg",Challenger,"1,835,596","Davis, Wendy R.",Challenger,Libertarian,"66,543","Glass, Kathie",Challenger,"19,582","960,951",R,1.41,60.37,39.63,"The other vote was: Parmer, Brandon (Green) 18,520; Pavitt, Sarah M. (Write-in) 1,062"
Governor,N/A,20141104,General,California,"2,929,213","Kashkari, Neel",Challenger,"4,388,368","Brown, Edmund G.",Incumbent,N/A,N/A,N/A,N/A,N/A,"1,459,155",D,0.00,40.03,59.97,
,,,,,,,,,,,,,,,,,,,,,
CensusPopAll,AreaAll,TotalVotesAll,RepVotesAll,DemVotesAll,ThirdVotesAll,OtherVotesAll,PluralityVotesAll,PluralityPartyAll,RepVotesTotalPercentAll,DemVotesTotalPercentAll,ThirdVotesTotalPercentAll,OtherVotesTotalPercentAll,RepVotesMajorPercentAll,DemVotesMajorPercentAll,,,,,,,
N/A,United States,"64,279,490","32,352,417","29,721,343","1,623,281","582,449","2,631,074",R,50.33,46.24,2.53,0.91,52.12,47.88,,,,,,,
,,,,,,,,,,,,,,,,,,,,,
,,,,,,,,,,,,,,,,,,,,,
,,,,,,,,,,,,,,,,,,,,,
GUBERNATORIAL ELECTIONS 2013 to 2013,,,,,,,,,,,,,,,,,,,,,
,,,,,,,,,,,,,,,,,,,,,
Office,CensusPop,raceYear,RaceTypeName,Area,RepVotes,RepCandidate,RepStatus,DemVotes,DemCandidate,DemStatus,ThirdParty,ThirdVotes,ThirdCandidate,ThirdStatus,OtherVotes,PluralityVotes,PluralityParty,ThirdVotesTotalPercent,RepVotesMajorPercent,DemVotesMajorPercent,RaceNotes
Governor,N/A,20131105,General,New Jersey,"1,278,932","Christie, Chris",Incumbent,"809,978","Buono, Barbara",Challenger,Libertarian,"12,155","Kaplan, Kenneth R.",Challenger,"19,801","468,954",R,0.57,61.22,38.78,"The other vote was: Welzer, Steven (Green) 8,295; Sare, Diane (Glass-Steagall Now) 3,360; Araujo, William (Peace and Freedom) 3,300; Schroeder, Hank (Independent) 2,784; Boss, Jeff (NSA Did 911) 2,062"
Governor,N/A,20131105,General,Virginia,"1,013,354","Cuccinelli, Ken",Challenger,"1,069,789","McAuliffe, Terry R.",Challenger,Libertarian,"146,084","Sarvis, Robert Christopher",Challenger,"11,844","56,435",D,6.52,48.65,51.35,"The other vote was: Write-Ins (Write-in) 11,844"
,,,,,,,,,,,,,,,,,,,,,
CensusPopAll,AreaAll,TotalVotesAll,RepVotesAll,DemVotesAll,ThirdVotesAll,OtherVotesAll,PluralityVotesAll,PluralityPartyAll,RepVotesTotalPercentAll,DemVotesTotalPercentAll,ThirdVotesTotalPercentAll,OtherVotesTotalPercentAll,RepVotesMajorPercentAll,DemVotesMajorPercentAll,,,,,,,
N/A,United States,"4,361,937","2,292,286","1,879,767","158,239","31,645","412,519",R,52.55,43.09,3.63,0.73,54.94,45.06,,,,,,,
,,,,,,,,,,,,,,,,,,,,,
,,,,,,,,,,,,,,,,,,,,,
,,,,,,,,,,,,,,,,,,,,,
GUBERNATORIAL ELECTIONS 2012 to 2012,,,,,,,,,,,,,,,,,,,,,
,,,,,,,,,,,,,,,,,,,,,
Office,CensusPop,raceYear,RaceTypeName,Area,RepVotes,RepCandidate,RepStatus,DemVotes,DemCandidate,DemStatus,ThirdParty,ThirdVotes,ThirdCandidate,ThirdStatus,OtherVotes,PluralityVotes,PluralityParty,ThirdVotesTotalPercent,RepVotesMajorPercent,DemVotesMajorPercent,RaceNotes
Governor,N/A,20121106,General,Montana,"228,879","Hill, Rick",Challenger,"236,450","Bullock, Steve",Challenger,Libertarian,"18,160","Vandevender, Ron",Challenger,N/A,"7,571",D,3.76,49.19,50.81,
Governor,N/A,20121106,General,Delaware,"113,793","Cragg, Jeffrey",Challenger,"275,993","Markell, Jack",Incumbent,Green,"4,575","Perri, Mark J.",Challenger,"3,672","162,200",D,1.15,29.19,70.81,"The other vote was: McVay, Jesse (Libertarian) 3,668; Graham, David Charles (Write-in) 4"
Governor,N/A,20121106,General,Indiana,"1,275,424","Pence, Mike",Challenger,"1,200,016","Gregg, John R.",Challenger,Libertarian,"101,868","Boneham, Rupert",Challenger,21,"75,408",R,3.95,51.52,48.48,The other vote was: Scattered Write-Ins (Write-in) 21
Governor,N/A,20121106,General,Missouri,"1,160,265","Spence, David",Challenger,"1,494,056","Nixon, Jay W.",Incumbent,Libertarian,"73,509","Higgins, Jim",Challenger,53,"333,791",D,2.69,43.71,56.29,"Although Kansas City is part of Jackson County, its results are listed separately in the ""Votes Not Reported by County"" row.; The other vote was: Scattered Write-Ins (Write-in) 53"
Governor,N/A,20121106,General,New Hampshire,"295,026","Lamontagne, Ovide M.",Challenger,"378,934","Hassan, Maggie",Challenger,Libertarian,"19,251","Babiarz, John J.",Challenger,666,"83,908",D,2.77,43.78,56.22,The other vote was: Scattered Write-Ins (Write-in) 666
Governor,N/A,20121106,General,North Carolina,"2,440,707","McCrory, Pat",Challenger,"1,931,580","Dalton, Walter H.",Challenger,Libertarian,"94,652","Howe, Barbara",Challenger,"1,356","509,127",R,2.12,55.82,44.18,"The other vote was: Scattered Write-Ins (Write-in) 1,297; Kreamer, Donald (Write-in) 59"
Governor,N/A,20121106,General,North Dakota,"200,526","Dalrymple, Jack",Incumbent,"109,047","Taylor, Ryan M.",Challenger,Independent,"5,356","Sorum, Paul",Challenger,"2,883","91,479",R,1.69,64.78,35.22,"The other vote was: Riemers, Roland (Independent) 2,616; Scattered Write-Ins (Write-in) 267"
Governor,N/A,20121106,General,Utah,"688,592","Herbert, Gary R.",Incumbent,"277,622","Cooke, Peter S.",Challenger,Libertarian,"22,611","Larsen, Ken",Challenger,"17,699","410,970",R,2.25,71.27,28.73,"The other vote was: Pearson, Kirk D. (Constitution) 17,696; Scattered Write-Ins (Write-in) 3"
Governor,N/A,20121106,General,Vermont,"110,940","Brock, Randy",Challenger,"170,598","Shumlin, Peter",Incumbent,Independent,"5,868","Peyton, Emily",Challenger,"7,855","59,658",D,1.99,39.40,60.60,"The other vote was: Ericson, Cris (U.S. Marijuana) 5,583; Eagle, Dave (Liberty Union) 1,303; Scattered Write-Ins (Write-in) 969"
Governor,N/A,20121106,General,Washington,"1,488,245","McKenna, Rob",Challenger,"1,582,802","Inslee, Jay",Challenger,N/A,N/A,N/A,N/A,N/A,"94,557",D,0.00,48.46,51.54,
Governor,N/A,20121106,General,West Virginia,"303,291","Maloney, Bill",Challenger,"335,468","Tomblin, Earl Ray",Incumbent,Mountain,"16,787","Johnson, Jesse",Challenger,"8,909","32,177",D,2.53,47.48,52.52,"The other vote was: Moran, David (Libertarian) 8,909"
,,,,,,,,,,,,,,,,,,,,,
CensusPopAll,AreaAll,TotalVotesAll,RepVotesAll,DemVotesAll,ThirdVotesAll,OtherVotesAll,PluralityVotesAll,PluralityPartyAll,RepVotesTotalPercentAll,DemVotesTotalPercentAll,ThirdVotesTotalPercentAll,OtherVotesTotalPercentAll,RepVotesMajorPercentAll,DemVotesMajorPercentAll,,,,,,,
N/A,United States,"16,704,005","8,305,688","7,992,566","362,637","43,114","313,122",R,49.72,47.85,2.17,0.26,50.96,49.04,,,,,,,
,,,,,,,,,,,,,,,,,,,,,
,,,,,,,,,,,,,,,,,,,,,
,,,,,,,,,,,,,,,,,,,,,
GUBERNATORIAL ELECTIONS 2011 to 2011,,,,,,,,,,,,,,,,,,,,,
,,,,,,,,,,,,,,,,,,,,,
Office,CensusPop,raceYear,RaceTypeName,Area,RepVotes,RepCandidate,RepStatus,DemVotes,DemCandidate,DemStatus,ThirdParty,ThirdVotes,ThirdCandidate,ThirdStatus,OtherVotes,PluralityVotes,PluralityParty,ThirdVotesTotalPercent,RepVotesMajorPercent,DemVotesMajorPercent,RaceNotes
Governor,"2,967,297",20111108,General,Mississippi,"544,851","Bryant, Phil",Challenger,"348,617","DuPree, Johnny L.",Challenger,N/A,N/A,N/A,N/A,N/A,"196,234",R,0.00,60.98,39.02,
Governor,"4,339,367",20111108,General,Kentucky,"294,034","Williams, David Lynn",Challenger,"464,245","Beshear, Steven L.",Incumbent,Independent,"74,860","Galbraith, Gatewood",Challenger,N/A,"170,211",D,8.99,38.78,61.22,
Governor,"4,533,372",20111022,General,Louisiana,"673,239","Jindal, Bobby",Incumbent,"182,925","Hollis, Tara",Challenger,Democrat,"50,071","Deaton, Cary J.",Challenger,"116,928","490,314",R,4.89,78.63,21.37,"The plurality is based on the difference between the vote for the leading vote-getter in each parish and the runner up in that parish. Parishes are equivalent to counties. Louisiana has a unique two-tier electoral system for governor that features candidates from all parties running together on the same ballot. A candidate who wins the majority of the vote in the first round is elected; otherwise, the top two finishers would meet in a run-off. ""Total vote"" refers to the percentage of total votes garnered by the top two vote-getters, Bobby Jindal (Rep.) and Tara Hollis (Dem.). ""Major vote"" shows the percentage of votes between those two candidates only--it does not include other Democratic candidates.  ; The other vote was: Roberts, Ivo (Democrat) 33,280; Blanchard, David (No Party) 26,705; Papazoglakis (Democrat) 21,885; Lewis, Scott (Libertarian) 12,528; Lang, William Robert Jr. (No Party) 9,109; Ceasar, Ron (No Party) 8,179; Bollingham, Leonard ""Lenny"" (No Party) 5,242"
,,,,,,,,,,,,,,,,,,,,,
CensusPopAll,AreaAll,TotalVotesAll,RepVotesAll,DemVotesAll,ThirdVotesAll,OtherVotesAll,PluralityVotesAll,PluralityPartyAll,RepVotesTotalPercentAll,DemVotesTotalPercentAll,ThirdVotesTotalPercentAll,OtherVotesTotalPercentAll,RepVotesMajorPercentAll,DemVotesMajorPercentAll,,,,,,,
"11,840,036",United States,"2,749,770","1,512,124","995,787","124,931","116,928","516,337",R,54.99,36.21,4.54,4.25,60.29,39.71,,,,,,,
,,,,,,,,,,,,,,,,,,,,,
,,,,,,,,,,,,,,,,,,,,,
,,,,,,,,,,,,,,,,,,,,,
GUBERNATORIAL ELECTIONS 2010 to 2010,,,,,,,,,,,,,,,,,,,,,
,,,,,,,,,,,,,,,,,,,,,
Office,CensusPop,raceYear,RaceTypeName,Area,RepVotes,RepCandidate,RepStatus,DemVotes,DemCandidate,DemStatus,ThirdParty,ThirdVotes,ThirdCandidate,ThirdStatus,OtherVotes,PluralityVotes,PluralityParty,ThirdVotesTotalPercent,RepVotesMajorPercent,DemVotesMajorPercent,RaceNotes
Governor,N/A,20101102,General,Alabama,"860,472","Bentley, Robert",Challenger,"625,710","Sparks, Ron",Challenger,Write-in,"8,091",Scattered Write-Ins,Challenger,N/A,"234,762",R,0.54,57.90,42.10,
Governor,N/A,20101102,General,Alaska,"151,318","Parnell, Sean R.",Incumbent,"96,519","Berkowitz, Ethan A.",Challenger,Alaskan Independent,"4,775","Wright, Don",Challenger,"3,580","54,799",R,1.86,61.06,38.94,"The other vote was: Toien, William S. (Libertarian) 2,682; Scattered Write-Ins (Write-in) 898"
Governor,N/A,20101102,General,Arizona,"938,934","Brewer, Jan",Incumbent,"733,935","Goddard, Terry",Challenger,Libertarian,"38,722","Hess, Barry J. II",Challenger,"16,490","204,999",R,2.24,56.13,43.87,"The other vote was: Gist, Larry (Green) 16,128; Wood, Janelle (Write-in) 322; Dowls, Anton (Write-in) 28; Dolego, Cary (Write-in) 12"
Governor,N/A,20101102,General,Arkansas,"262,784","Keet, Jim",Challenger,"503,336","Beebe, Mike D.",Incumbent,Green,"14,513","Lendall, Jim",Challenger,700,"240,552",D,1.86,34.30,65.70,The other vote was: Scattered Write-Ins (Write-in) 700
Governor,N/A,20101102,General,California,"4,127,391","Whitman, Meg",Challenger,"5,428,149","Brown, Edmund G.",Challenger,American Independent,"166,312","Nightingale, Chelene",Challenger,"373,333","1,300,758",D,1.65,43.19,56.81,"The other vote was: Ogden, Dale F. (Libertarian) 150,895; Wells, Laura (Green) 129,224; Alvarez, Carlos (Peace and Freedom) 92,851; Lieurance, Cassandra A. (Write-in) 285; Sherman, Lea (Write-in) 43; Christian, Rakesh Kumar (Write-in) 13; Smalley, Nadia B. (Write-in) 8; Bagley, Hugh G. (Write-in) 4; Millar, Rowan (Write-in) 4; Vangelisti, Jacob (Write-in) 4; Chavez, Anselmo A. (Write-in) 2"
Governor,N/A,20101102,General,Colorado,"199,792","Maes, Dan",Challenger,"915,436","Hickenlooper, John",Challenger,American Constitution,"652,376","Tancredo, Tom",Challenger,"25,544","263,060",D,36.38,17.91,82.09,"The other vote was: Brown, Jaimes (Libertarian) 13,365; Clark, Jason R. (Independent) 8,601; Fiorino, Paul Noel (Independent) 3,492; Cremeens, Holly (Write-in) 43; Chambers, Willie Travis (Write-in) 24; Moore, Michael R. (Write-in) 18; Carr, Peter J. (Write-in) 1"
Governor,N/A,20101102,General,Connecticut,"560,874","Foley, Tom C.",Challenger,"567,278","Malloy, Dan",Challenger,Independent,"17,629","Marsh, Thomas E.",Challenger,18,"6,404",D,1.54,49.72,50.28,"The other vote was: Copp, Paul (Write-in) 13; Thibodeau, P. Robert (Write-in) 5"
Governor,N/A,20101102,General,Florida,"2,619,335","Scott, Rick",Challenger,"2,557,785","Sink, Alex",Challenger,Independence (Florida),"123,831","Allen, Peter",Challenger,"58,784","61,550",R,2.31,50.59,49.41,"The other vote was: Reed, C.C. (Independent) 18,842; Arth, Michael E. (Independent) 18,644; Imperato, Daniel (Independent) 13,690; Khavari, Farid (Independent) 7,487; Larose, Josue (Write-in) 121"
Governor,N/A,20101102,General,Georgia,"1,365,832","Deal, Nathan",Challenger,"1,107,011","Barnes, Roy E.",Challenger,Libertarian,"103,194","Monds, John H.",Challenger,124,"258,821",R,4.01,55.23,44.77,"The other vote was: Byrnes, David C. (Write-in) 76; Horsley, Neal (Write-in) 48"
Governor,N/A,20101102,General,Hawaii,"157,311","Aiona, Duke",Challenger,"222,724","Abercrombie, Neil",Challenger,Free Energy,"1,265","Cunningham, Daniel H.",Challenger,"1,263","65,413",D,0.33,41.39,58.61,"The other vote was: Pollard, Thomas (Non Partisan) 1,263"
Governor,N/A,20101102,General,Idaho,"267,483","Otter, C. L.",Incumbent,"148,680","Allred, Keith",Challenger,Independent,"26,655","Kemp, Jana M.",Challenger,"9,717","118,803",R,5.89,64.27,35.73,"The other vote was: Dunlap, Ted (Libertarian) 5,867; Pro-Life (Independent) 3,850"
Governor,N/A,20101102,General,Illinois,"1,713,385","Brady, Bill",Challenger,"1,745,219","Quinn, Pat",Incumbent,Independent,"135,705","Cohen, Scott Lee",Challenger,"135,680","31,834",D,3.64,49.54,50.46,"The other vote was: Whitney, Rich (Green) 100,756; Green, Lex (Libertarian) 34,681; White, Michael (Write-in) 221; Estill, Steve (Write-in) 17; Moore, Greg (Write-in) 3; No Candidate (Write-in) 2"
Governor,N/A,20101102,General,Iowa,"592,494","Branstad, Terry E.",Challenger,"484,798","Culver, Chet",Incumbent,Iowa,"20,859","Narcisse, Jonathan",Challenger,"23,862","107,696",R,1.86,55.00,45.00,"The other vote was: Cooper, Eric (Libertarian) 14,398; Hughes, Gregory James (Nominated by Petition) 3,884; Scattered Write-Ins (Write-in) 2,823; Rosenfeld, David (Socialist Workers Party) 2,757"
Governor,N/A,20101102,General,Nebraska,"360,645","Heineman, Dave",Incumbent,"127,343","Meister, Mike",Challenger,N/A,N/A,N/A,N/A,N/A,"233,302",R,0.00,73.90,26.10,
Governor,N/A,20101102,General,New Hampshire,"205,616","Stephen, John A.",Challenger,"240,346","Lynch, John",Incumbent,Libertarian,"10,089","Babiarz, John J.",Challenger,537,"34,730",D,2.21,46.11,53.89,The other vote was: Scattered Write-Ins (Write-in) 537
Governor,N/A,20101102,General,New Mexico,"321,219","Martinez, Susana",Challenger,"280,614","Denish, Diane D.",Challenger,Write-in,994,"Gomez, Kenneth A.",Challenger,N/A,"40,605",R,0.16,53.37,46.63,
Governor,N/A,20101102,General,Oklahoma,"625,506","Fallin, Mary",Challenger,"409,261","Askins, Jari",Challenger,N/A,N/A,N/A,N/A,N/A,"216,245",R,0.00,60.45,39.55,
Governor,N/A,20101102,General,Kansas,"530,760","Brownback, Sam",Challenger,"270,166","Holland, Tom",Challenger,Libertarian,"22,460","Gray, Andrew P.",Challenger,"15,404","260,594",R,2.68,66.27,33.73,"The other vote was: Cannon, Kenneth (Reform) 15,397; Norris, Heath Charles (Write-in) 7"
Governor,N/A,20101102,General,Maine,"218,065","LePage, Paul R.",Challenger,"109,387","Mitchell, Elizabeth H.",Challenger,Independent,"208,270","Cutler, Eliot R.",Challenger,"37,044","9,795",R,36.36,66.59,33.41,"The other vote was: Moody, Shawn H. (Independent) 28,756; Scott, Kevin L. (Independent) 5,664; Scattered Write-Ins (Write-in) 2,624"
Governor,N/A,20101102,General,Maryland,"776,319","Ehrlich, Robert L. Jr.",Challenger,"1,044,961","O'Malley, Martin",Incumbent,Libertarian,"14,137","Gaztanaga, Susan J.",Challenger,"22,463","268,642",D,0.76,42.62,57.38,"The other vote was: Allwine, Maria (Green) 11,825; Knowles, Eric Delano (Constitution) 8,612; Scattered Write-Ins (Write-in) 1,528; Jaffe, Ralph (Write-in) 319; Vaughn, Corrogan R. (Write-in) 179"
Governor,N/A,20101102,General,Massachusetts,"964,866","Baker, Charles D.",Challenger,"1,112,283","Patrick, Deval",Incumbent,Independent,"184,395","Cahill, Timothy P.",Challenger,"35,495","147,417",D,8.03,46.45,53.55,"The other vote was: Stein, Jill (Green) 32,895; Scattered Write-Ins (Write-in) 2,600"
Governor,N/A,20101102,General,Michigan,"1,874,834","Snyder, Rick",Challenger,"1,287,320","Bernero, Virg",Challenger,Libertarian,"22,390","Proctor, Kenneth L.",Challenger,"41,544","587,514",R,0.69,59.29,40.71,"The other vote was: Mathia, Stacey (U.S. Taxpayers) 20,818; Mikkelson, Harley G. (Green) 20,699; Blauwkamp, Linda (Write-in) 7; Waynick, Dovelyn (Write-in) 5; Neuenfeldt, Thomas (Write-in) 4; Van Kleeck, Mark (Write-in) 4; Mote, James (Write-in) 3; Hutchinson, Larry Jr. (Write-in) 2; Brown, Angelo (Write-in) 1; DeLorean, George (Write-in) 1"
Governor,N/A,20101102,General,Minnesota,"910,462","Emmer, Tom",Challenger,"919,232","Dayton, Mark",Challenger,Independence,"251,487","Horner, Tom",Challenger,"25,840","8,770",D,11.94,49.76,50.24,"The other vote was: Wright, Chris (Grass Roots) 7,516; Hakeem, Farheen (Green) 6,188; Pentel, Ken (Ecology Democracy) 6,180; Eno, Linda S. (Resource) 4,092; Scattered Write-Ins (Write-in) 1,864"
Governor,N/A,20101102,General,Nevada,"382,350","Sandoval, Brian",Challenger,"298,171","Reid, Rory",Challenger,No Party Affiliation,"12,231","""None of These Candidates""",Challenger,"23,777","84,179",R,1.71,56.18,43.82,"The other vote was: Disimone, Eugene (Independent) 6,403; Fitzgibbons, Floyd (Independent American) 5,049; Lampitt, Arthur Forest Jr. (Libertarian) 4,672; Curtis, David Scott (Green) 4,437; Honig, Aaron Y. (Independent) 3,216"
Governor,N/A,20101102,General,New York,"1,548,184","Paladino, Carl",Challenger,"2,911,721","Cuomo, Andrew M.",Challenger,Green,"59,929","Hawkins, Howie",Challenger,"138,991","1,363,537",D,1.29,34.71,65.29,"The other vote was: Redlich, Warren (Libertarian) 48,386; McMillan, Jimmy (Rent is 2 Damn High) 41,131; Barron, Charles (Freedom) 24,572; Davis, Kristin (Anti-Prohibition) 20,429; Scattered Write-Ins (Write-in) 4,473"
Governor,N/A,20101102,General,Ohio,"1,889,186","Kasich, John R.",Challenger,"1,812,059","Strickland, Ted",Incumbent,Libertarian,"92,116","Matesz, Ken",Challenger,"59,108","77,127",R,2.39,51.04,48.96,"The other vote was: Spisak, Dennis (Green) 58,475; Sargent, David (Write-in) 633"
Governor,N/A,20101102,General,Oregon,"694,287","Dudley, Chris",Challenger,"716,525","Kitzhaber, John",Challenger,Constitution,"20,475","Kord, Greg",Challenger,"22,261","22,238",D,1.41,49.21,50.79,"The other vote was: Wagner, Wes (Libertarian) 19,048; Scattered Write-Ins (Write-in) 3,213"
Governor,N/A,20101102,General,Pennsylvania,"2,172,763","Corbett, Tom",Challenger,"1,814,788","Onorato, Dan",Challenger,Write-in,"1,551",Scattered Write-Ins,Challenger,N/A,"357,975",R,0.04,54.49,45.51,
Governor,N/A,20101102,General,Rhode Island,"114,911","Robitaille, John F.",Challenger,"78,896","Caprio, Frank T.",Challenger,Independent,"123,571","Chafee, Lincoln D.",Challenger,"25,167","8,660",I,36.07,59.29,40.71,"The other vote was: Block, Kenneth J. (Moderate) 22,146; Luisi, Joseph (Independent) 1,091; Giroux, Todd (Independent) 882; Algieri, Ronald (Independent) 793; Scattered Write-Ins (Write-in) 224; ""None of These Candidates"" (Write-in) 8; Lynch, Patrick (Write-in) 6; Moffitt, Victor (Write-in) 6; Mouse, Mickey (Write-in) 6; Healy, Robert (Write-in) 5"
Governor,N/A,20101102,General,South Carolina,"690,525","Haley, Nikki R.",Challenger,"630,534","Sheheen, Vincent A.",Challenger,Green,"20,114","Reeves, Morgan B.",Challenger,"3,025","59,991",R,1.50,52.27,47.73,"The other vote was: Scattered Write-Ins (Write-in) 3,025"
Governor,N/A,20101102,General,South Dakota,"195,046","Daugaard, Dennis",Challenger,"122,037","Heidepriem, Scott",Challenger,N/A,N/A,N/A,N/A,N/A,"73,009",R,0.00,61.51,38.49,
Governor,N/A,20101102,General,Tennessee,"1,041,545","Haslam, Bill",Challenger,"529,851","McWherter, Mike",Challenger,Independent,"6,536","Whitaker, Carl Twofeathers",Challenger,"23,617","511,694",R,0.41,66.28,33.72,"The other vote was: Dodds, Brandon (Independent) 4,728; Binkley, Bayron (Independent) 4,663; Griffin, June (Independent) 2,587; Perry, Linda Kay (Independent) 2,057; Switzer, Howard K. (Independent) 1,887; Duck, Samuel David (Independent) 1,755; Smith, Thomas II (Independent) 1,207; Hall, Toni K. (Independent) 993; Gatchell, David (Independent) 859; McCall, Boyce T. (Independent) 828; Reesor, James (Independent) 809; Knois, Mike (Independent) 600; McFolin, Donald Ray (Independent) 583; Marceaux, Basil Sr. (Write-in"
Governor,N/A,20101102,General,Texas,"2,737,481","Perry, Rick",Incumbent,"2,106,395","White, Bill",Challenger,Libertarian,"109,211","Glass, Kathie",Challenger,"26,783","631,086",R,2.19,56.51,43.49,"The other vote was: Shafto, Deb (Green) 19,516; Barron, Andy (Write-in) 7,267"
Governor,N/A,20101102,General,Vermont,"115,212","Dubie, Brian E.",Challenger,"119,543","Shumlin, Peter",Challenger,Independent,"1,917","Steele, Dennis",Challenger,"4,933","4,331",D,0.79,49.08,50.92,"The other vote was: Ericson, Cris (Marijuana) 1,819; Feliciano, Dan (Independent) 1,341; Peyton, Em (Independent) 684; Scattered Write-Ins (Write-in) 660; Mitchell, Benjamin L. (Liberty Union) 429"
Governor,N/A,20101102,General,Wisconsin,"1,128,941","Walker, Scott",Challenger,"1,004,303","Barrett, Thomas M.",Challenger,Independent,"10,608","Langer, Jim",Challenger,"16,980","124,638",R,0.49,52.92,47.08,"The other vote was: James, James (Common Sense) 8,273; Scattered Write-Ins (Libertarian) 6,790; Scattered Write-Ins (Write-in) 1,858; Messicci, Patricia (Write-in) 22; Smetak, Leslie Ervin (Write-in) 19; Trivedi, Hari (Write-in) 18"
Governor,N/A,20101102,General,Wyoming,"123,780","Mead, Matt",Challenger,"43,240","Petersen, Leslie",Challenger,Write-in,"16,081",Scattered Write-Ins,Challenger,"5,362","80,540",R,8.53,74.11,25.89,"The other vote was: Wheeler, Mike (Libertarian) 5,362"
,,,,,,,,,,,,,,,,,,,,,
CensusPopAll,AreaAll,TotalVotesAll,RepVotesAll,DemVotesAll,ThirdVotesAll,OtherVotesAll,PluralityVotesAll,PluralityPartyAll,RepVotesTotalPercentAll,DemVotesTotalPercentAll,ThirdVotesTotalPercentAll,OtherVotesTotalPercentAll,RepVotesMajorPercentAll,DemVotesMajorPercentAll,,,,,,,
N/A,United States,"70,245,379","33,439,908","33,125,556","2,502,489","1,177,426","314,352",R,47.60,47.16,3.56,1.68,50.24,49.76,,,,,,,
